name,year,rne
Alabama,1998,0.0023
Alabama,1999,0.00206
Alabama,2000,0.00193
Alabama,2001,0.00218
Alabama,2002,0.00219
Alabama,2003,0.00171
Alabama,2004,0.00195
Alabama,2005,0.00177
Alabama,2006,0.00246
Alabama,2007,0.00173
Alabama,2008,0.00196
Alabama,2009,0.0017
Alabama,2010,0.00224
Alabama,2011,0.00242
Alabama,2012,0.00247
Alabama,2013,0.00247
Alabama,2014,0.00223
Alabama,2015,0.00251
Alabama,2016,0.00229
Alabama,2017,0.00238
Alabama,2018,0.00209
Alabama,2019,0.00231
Alabama,2020,0.00246
Alaska,1998,0.00604
Alaska,1999,0.00524
Alaska,2000,0.00523
Alaska,2001,0.00511
Alaska,2002,0.00517
Alaska,2003,0.00492
Alaska,2004,0.00456
Alaska,2005,0.00448
Alaska,2006,0.00369
Alaska,2007,0.00357
Alaska,2008,0.00351
Alaska,2009,0.00373
Alaska,2010,0.00396
Alaska,2011,0.00393
Alaska,2012,0.00424
Alaska,2013,0.00438
Alaska,2014,0.0045
Alaska,2015,0.00477
Alaska,2016,0.00438
Alaska,2017,0.00404
Alaska,2018,0.00411
Alaska,2019,0.00442
Alaska,2020,0.00479
Arizona,1998,0.00399
Arizona,1999,0.00335
Arizona,2000,0.00345
Arizona,2001,0.00344
Arizona,2002,0.00377
Arizona,2003,0.00355
Arizona,2004,0.00327
Arizona,2005,0.00323
Arizona,2006,0.0032
Arizona,2007,0.00336
Arizona,2008,0.0042
Arizona,2009,0.00469
Arizona,2010,0.00439
Arizona,2011,0.00435
Arizona,2012,0.00396
Arizona,2013,0.00361
Arizona,2014,0.00314
Arizona,2015,0.0033
Arizona,2016,0.00397
Arizona,2017,0.00393
Arizona,2018,0.00346
Arizona,2019,0.00331
Arizona,2020,0.0038
Arkansas,1998,0.00327
Arkansas,1999,0.00325
Arkansas,2000,0.00313
Arkansas,2001,0.00341
Arkansas,2002,0.003
Arkansas,2003,0.00289
Arkansas,2004,0.00296
Arkansas,2005,0.00384
Arkansas,2006,0.00414
Arkansas,2007,0.00382
Arkansas,2008,0.00374
Arkansas,2009,0.0036
Arkansas,2010,0.00381
Arkansas,2011,0.00361
Arkansas,2012,0.00331
Arkansas,2013,0.00275
Arkansas,2014,0.00253
Arkansas,2015,0.00273
Arkansas,2016,0.00288
Arkansas,2017,0.00286
Arkansas,2018,0.00294
Arkansas,2019,0.00322
Arkansas,2020,0.00334
California,1998,0.00347
California,1999,0.00344
California,2000,0.00327
California,2001,0.00309
California,2002,0.00317
California,2003,0.00348
California,2004,0.00388
California,2005,0.00362
California,2006,0.0035
California,2007,0.00356
California,2008,0.00396
California,2009,0.00417
California,2010,0.00438
California,2011,0.00441
California,2012,0.00441
California,2013,0.00417
California,2014,0.00392
California,2015,0.00394
California,2016,0.00422
California,2017,0.00444
California,2018,0.00452
California,2019,0.00421
California,2020,0.00427
Colorado,1998,0.00446
Colorado,1999,0.00387
Colorado,2000,0.00402
Colorado,2001,0.00393
Colorado,2002,0.00407
Colorado,2003,0.00406
Colorado,2004,0.00388
Colorado,2005,0.00428
Colorado,2006,0.00401
Colorado,2007,0.00383
Colorado,2008,0.00349
Colorado,2009,0.00376
Colorado,2010,0.00419
Colorado,2011,0.00417
Colorado,2012,0.00415
Colorado,2013,0.00391
Colorado,2014,0.00351
Colorado,2015,0.00332
Colorado,2016,0.00345
Colorado,2017,0.0033
Colorado,2018,0.00351
Colorado,2019,0.00304
Colorado,2020,0.00349
Connecticut,1998,0.00218
Connecticut,1999,0.0018
Connecticut,2000,0.00206
Connecticut,2001,0.00271
Connecticut,2002,0.00248
Connecticut,2003,0.00229
Connecticut,2004,0.00187
Connecticut,2005,0.00216
Connecticut,2006,0.00264
Connecticut,2007,0.00265
Connecticut,2008,0.0027
Connecticut,2009,0.00262
Connecticut,2010,0.00273
Connecticut,2011,0.00287
Connecticut,2012,0.00297
Connecticut,2013,0.00311
Connecticut,2014,0.00295
Connecticut,2015,0.00289
Connecticut,2016,0.00266
Connecticut,2017,0.00234
Connecticut,2018,0.00196
Connecticut,2019,0.00189
Connecticut,2020,0.00282
Delaware,1998,0.00229
Delaware,1999,0.00174
Delaware,2000,0.00166
Delaware,2001,0.00168
Delaware,2002,0.00169
Delaware,2003,0.00153
Delaware,2004,0.00146
Delaware,2005,0.00159
Delaware,2006,0.00168
Delaware,2007,0.0016
Delaware,2008,0.00163
Delaware,2009,0.00194
Delaware,2010,0.00225
Delaware,2011,0.00263
Delaware,2012,0.00254
Delaware,2013,0.00275
Delaware,2014,0.0029
Delaware,2015,0.0024
Delaware,2016,0.00197
Delaware,2017,0.00162
Delaware,2018,0.00231
Delaware,2019,0.00247
Delaware,2020,0.00273
District of Columbia,1998,0.00266
District of Columbia,1999,0.00234
District of Columbia,2000,0.00284
District of Columbia,2001,0.00263
District of Columbia,2002,0.00328
District of Columbia,2003,0.00273
District of Columbia,2004,0.00252
District of Columbia,2005,0.00203
District of Columbia,2006,0.00233
District of Columbia,2007,0.00314
District of Columbia,2008,0.00351
District of Columbia,2009,0.00356
District of Columbia,2010,0.00316
District of Columbia,2011,0.0031
District of Columbia,2012,0.00289
District of Columbia,2013,0.00282
District of Columbia,2014,0.00246
District of Columbia,2015,0.00227
District of Columbia,2016,0.00215
District of Columbia,2017,0.0024
District of Columbia,2018,0.00273
District of Columbia,2019,0.00246
District of Columbia,2020,0.00244
Florida,1998,0.0034
Florida,1999,0.00318
Florida,2000,0.00295
Florida,2001,0.0029
Florida,2002,0.00284
Florida,2003,0.00286
Florida,2004,0.0029
Florida,2005,0.00288
Florida,2006,0.003
Florida,2007,0.00319
Florida,2008,0.00353
Florida,2009,0.00387
Florida,2010,0.00399
Florida,2011,0.00405
Florida,2012,0.00381
Florida,2013,0.00361
Florida,2014,0.00349
Florida,2015,0.00356
Florida,2016,0.00377
Florida,2017,0.00423
Florida,2018,0.00455
Florida,2019,0.00469
Florida,2020,0.00534
Georgia,1998,0.00317
Georgia,1999,0.00274
Georgia,2000,0.00275
Georgia,2001,0.00248
Georgia,2002,0.00219
Georgia,2003,0.00267
Georgia,2004,0.00301
Georgia,2005,0.00362
Georgia,2006,0.00384
Georgia,2007,0.00399
Georgia,2008,0.0047
Georgia,2009,0.0047
Georgia,2010,0.00505
Georgia,2011,0.00431
Georgia,2012,0.00376
Georgia,2013,0.00286
Georgia,2014,0.00288
Georgia,2015,0.00292
Georgia,2016,0.00331
Georgia,2017,0.00383
Georgia,2018,0.00416
Georgia,2019,0.00412
Georgia,2020,0.00364
Hawaii,1998,0.00215
Hawaii,1999,0.00262
Hawaii,2000,0.00269
Hawaii,2001,0.00261
Hawaii,2002,0.00272
Hawaii,2003,0.00267
Hawaii,2004,0.00268
Hawaii,2005,0.00272
Hawaii,2006,0.00327
Hawaii,2007,0.00324
Hawaii,2008,0.00272
Hawaii,2009,0.00231
Hawaii,2010,0.00232
Hawaii,2011,0.0023
Hawaii,2012,0.00273
Hawaii,2013,0.00308
Hawaii,2014,0.00354
Hawaii,2015,0.00331
Hawaii,2016,0.00311
Hawaii,2017,0.00271
Hawaii,2018,0.00301
Hawaii,2019,0.00335
Hawaii,2020,0.00407
Idaho,1998,0.00397
Idaho,1999,0.00378
Idaho,2000,0.00397
Idaho,2001,0.00423
Idaho,2002,0.004
Idaho,2003,0.00354
Idaho,2004,0.0038
Idaho,2005,0.00436
Idaho,2006,0.00437
Idaho,2007,0.00443
Idaho,2008,0.00396
Idaho,2009,0.00427
Idaho,2010,0.00391
Idaho,2011,0.00408
Idaho,2012,0.00394
Idaho,2013,0.00369
Idaho,2014,0.00331
Idaho,2015,0.00318
Idaho,2016,0.00324
Idaho,2017,0.00345
Idaho,2018,0.00379
Idaho,2019,0.00381
Idaho,2020,0.0038
Illinois,1998,0.0025
Illinois,1999,0.00229
Illinois,2000,0.00227
Illinois,2001,0.00243
Illinois,2002,0.00251
Illinois,2003,0.00252
Illinois,2004,0.00251
Illinois,2005,0.00254
Illinois,2006,0.00244
Illinois,2007,0.00216
Illinois,2008,0.00233
Illinois,2009,0.00247
Illinois,2010,0.00269
Illinois,2011,0.00233
Illinois,2012,0.00224
Illinois,2013,0.00203
Illinois,2014,0.00225
Illinois,2015,0.00225
Illinois,2016,0.00228
Illinois,2017,0.00237
Illinois,2018,0.00248
Illinois,2019,0.00269
Illinois,2020,0.00269
Indiana,1998,0.00239
Indiana,1999,0.0027
Indiana,2000,0.00301
Indiana,2001,0.00305
Indiana,2002,0.00256
Indiana,2003,0.00234
Indiana,2004,0.00225
Indiana,2005,0.00253
Indiana,2006,0.00263
Indiana,2007,0.00265
Indiana,2008,0.00253
Indiana,2009,0.00264
Indiana,2010,0.0025
Indiana,2011,0.00224
Indiana,2012,0.00218
Indiana,2013,0.00205
Indiana,2014,0.00229
Indiana,2015,0.00232
Indiana,2016,0.00223
Indiana,2017,0.00199
Indiana,2018,0.00207
Indiana,2019,0.00254
Indiana,2020,0.00249
Iowa,1998,0.004
Iowa,1999,0.00285
Iowa,2000,0.00305
Iowa,2001,0.00327
Iowa,2002,0.00296
Iowa,2003,0.00287
Iowa,2004,0.0026
Iowa,2005,0.00314
Iowa,2006,0.00295
Iowa,2007,0.00305
Iowa,2008,0.00258
Iowa,2009,0.00239
Iowa,2010,0.00244
Iowa,2011,0.00255
Iowa,2012,0.00249
Iowa,2013,0.00187
Iowa,2014,0.00178
Iowa,2015,0.0018
Iowa,2016,0.00201
Iowa,2017,0.00217
Iowa,2018,0.00276
Iowa,2019,0.00314
Iowa,2020,0.00313
Kansas,1998,0.00323
Kansas,1999,0.00277
Kansas,2000,0.0028
Kansas,2001,0.00279
Kansas,2002,0.00308
Kansas,2003,0.00292
Kansas,2004,0.00282
Kansas,2005,0.00248
Kansas,2006,0.00253
Kansas,2007,0.00238
Kansas,2008,0.00238
Kansas,2009,0.00242
Kansas,2010,0.00272
Kansas,2011,0.00286
Kansas,2012,0.00285
Kansas,2013,0.00229
Kansas,2014,0.00221
Kansas,2015,0.00273
Kansas,2016,0.003
Kansas,2017,0.003
Kansas,2018,0.0027
Kansas,2019,0.0027
Kansas,2020,0.00301
Kentucky,1998,0.00287
Kentucky,1999,0.00237
Kentucky,2000,0.00193
Kentucky,2001,0.00223
Kentucky,2002,0.00252
Kentucky,2003,0.00301
Kentucky,2004,0.00286
Kentucky,2005,0.00241
Kentucky,2006,0.00226
Kentucky,2007,0.00225
Kentucky,2008,0.00306
Kentucky,2009,0.00301
Kentucky,2010,0.00303
Kentucky,2011,0.00301
Kentucky,2012,0.00343
Kentucky,2013,0.00368
Kentucky,2014,0.00352
Kentucky,2015,0.00283
Kentucky,2016,0.00245
Kentucky,2017,0.00225
Kentucky,2018,0.00259
Kentucky,2019,0.00256
Kentucky,2020,0.0027
Louisiana,1998,0.00309
Louisiana,1999,0.00303
Louisiana,2000,0.00306
Louisiana,2001,0.00284
Louisiana,2002,0.00274
Louisiana,2003,0.00272
Louisiana,2004,0.00306
Louisiana,2005,0.00308
Louisiana,2006,0.00302
Louisiana,2007,0.00347
Louisiana,2008,0.00352
Louisiana,2009,0.00387
Louisiana,2010,0.00391
Louisiana,2011,0.0041
Louisiana,2012,0.00398
Louisiana,2013,0.00347
Louisiana,2014,0.00331
Louisiana,2015,0.00281
Louisiana,2016,0.00275
Louisiana,2017,0.00312
Louisiana,2018,0.00343
Louisiana,2019,0.00355
Louisiana,2020,0.00367
Maine,1998,0.00388
Maine,1999,0.00357
Maine,2000,0.00366
Maine,2001,0.00309
Maine,2002,0.0029
Maine,2003,0.00267
Maine,2004,0.00301
Maine,2005,0.00334
Maine,2006,0.00389
Maine,2007,0.00357
Maine,2008,0.00356
Maine,2009,0.00329
Maine,2010,0.00324
Maine,2011,0.00328
Maine,2012,0.00333
Maine,2013,0.00335
Maine,2014,0.00291
Maine,2015,0.00285
Maine,2016,0.00287
Maine,2017,0.00328
Maine,2018,0.00307
Maine,2019,0.00368
Maine,2020,0.004
Maryland,1998,0.00261
Maryland,1999,0.00277
Maryland,2000,0.00292
Maryland,2001,0.00277
Maryland,2002,0.00281
Maryland,2003,0.00315
Maryland,2004,0.00328
Maryland,2005,0.00369
Maryland,2006,0.00323
Maryland,2007,0.0034
Maryland,2008,0.00264
Maryland,2009,0.00278
Maryland,2010,0.00253
Maryland,2011,0.00276
Maryland,2012,0.00263
Maryland,2013,0.0027
Maryland,2014,0.0024
Maryland,2015,0.0028
Maryland,2016,0.00262
Maryland,2017,0.00318
Maryland,2018,0.00273
Maryland,2019,0.00297
Maryland,2020,0.00256
Massachusetts,1998,0.00204
Massachusetts,1999,0.00173
Massachusetts,2000,0.0016
Massachusetts,2001,0.00144
Massachusetts,2002,0.00162
Massachusetts,2003,0.0018
Massachusetts,2004,0.0019
Massachusetts,2005,0.00214
Massachusetts,2006,0.00261
Massachusetts,2007,0.00285
Massachusetts,2008,0.00279
Massachusetts,2009,0.00275
Massachusetts,2010,0.00294
Massachusetts,2011,0.00307
Massachusetts,2012,0.00286
Massachusetts,2013,0.0026
Massachusetts,2014,0.0029
Massachusetts,2015,0.00291
Massachusetts,2016,0.00285
Massachusetts,2017,0.0026
Massachusetts,2018,0.00231
Massachusetts,2019,0.00245
Massachusetts,2020,0.00266
Michigan,1998,0.00237
Michigan,1999,0.00255
Michigan,2000,0.00242
Michigan,2001,0.00232
Michigan,2002,0.00235
Michigan,2003,0.00253
Michigan,2004,0.00243
Michigan,2005,0.0023
Michigan,2006,0.00199
Michigan,2007,0.00228
Michigan,2008,0.00249
Michigan,2009,0.00283
Michigan,2010,0.00275
Michigan,2011,0.00255
Michigan,2012,0.00217
Michigan,2013,0.00231
Michigan,2014,0.00257
Michigan,2015,0.0029
Michigan,2016,0.00258
Michigan,2017,0.00245
Michigan,2018,0.00228
Michigan,2019,0.00248
Michigan,2020,0.0029
Minnesota,1998,0.0031
Minnesota,1999,0.0031
Minnesota,2000,0.00283
Minnesota,2001,0.00216
Minnesota,2002,0.00239
Minnesota,2003,0.0026
Minnesota,2004,0.00295
Minnesota,2005,0.00288
Minnesota,2006,0.00298
Minnesota,2007,0.00299
Minnesota,2008,0.00275
Minnesota,2009,0.00254
Minnesota,2010,0.00223
Minnesota,2011,0.00219
Minnesota,2012,0.00195
Minnesota,2013,0.00178
Minnesota,2014,0.00174
Minnesota,2015,0.0025
Minnesota,2016,0.00282
Minnesota,2017,0.00302
Minnesota,2018,0.00204
Minnesota,2019,0.00182
Minnesota,2020,0.00181
Mississippi,1998,0.00285
Mississippi,1999,0.00308
Mississippi,2000,0.00379
Mississippi,2001,0.00361
Mississippi,2002,0.0031
Mississippi,2003,0.00244
Mississippi,2004,0.00258
Mississippi,2005,0.00338
Mississippi,2006,0.00427
Mississippi,2007,0.0041
Mississippi,2008,0.00392
Mississippi,2009,0.00288
Mississippi,2010,0.00329
Mississippi,2011,0.00289
Mississippi,2012,0.00374
Mississippi,2013,0.00309
Mississippi,2014,0.00337
Mississippi,2015,0.00325
Mississippi,2016,0.00368
Mississippi,2017,0.00367
Mississippi,2018,0.00318
Mississippi,2019,0.00325
Mississippi,2020,0.00315
Missouri,1998,0.00294
Missouri,1999,0.00239
Missouri,2000,0.00251
Missouri,2001,0.00213
Missouri,2002,0.00249
Missouri,2003,0.00249
Missouri,2004,0.00237
Missouri,2005,0.0022
Missouri,2006,0.00227
Missouri,2007,0.00238
Missouri,2008,0.00208
Missouri,2009,0.00222
Missouri,2010,0.00233
Missouri,2011,0.00322
Missouri,2012,0.00347
Missouri,2013,0.00321
Missouri,2014,0.00279
Missouri,2015,0.00287
Missouri,2016,0.00303
Missouri,2017,0.00323
Missouri,2018,0.00324
Missouri,2019,0.00373
Missouri,2020,0.0037
Montana,1998,0.00521
Montana,1999,0.00528
Montana,2000,0.00487
Montana,2001,0.00413
Montana,2002,0.00417
Montana,2003,0.00483
Montana,2004,0.00579
Montana,2005,0.00603
Montana,2006,0.00577
Montana,2007,0.0047
Montana,2008,0.00498
Montana,2009,0.00459
Montana,2010,0.00484
Montana,2011,0.00397
Montana,2012,0.00419
Montana,2013,0.0049
Montana,2014,0.00537
Montana,2015,0.00496
Montana,2016,0.00426
Montana,2017,0.00398
Montana,2018,0.00395
Montana,2019,0.00335
Montana,2020,0.00351
Nebraska,1998,0.00365
Nebraska,1999,0.00363
Nebraska,2000,0.00296
Nebraska,2001,0.00286
Nebraska,2002,0.00324
Nebraska,2003,0.00323
Nebraska,2004,0.00338
Nebraska,2005,0.00293
Nebraska,2006,0.00278
Nebraska,2007,0.00263
Nebraska,2008,0.00295
Nebraska,2009,0.00264
Nebraska,2010,0.00264
Nebraska,2011,0.00258
Nebraska,2012,0.00247
Nebraska,2013,0.00252
Nebraska,2014,0.00248
Nebraska,2015,0.00251
Nebraska,2016,0.00251
Nebraska,2017,0.00254
Nebraska,2018,0.00298
Nebraska,2019,0.00268
Nebraska,2020,0.0027
Nevada,1998,0.00356
Nevada,1999,0.00313
Nevada,2000,0.00236
Nevada,2001,0.00193
Nevada,2002,0.00222
Nevada,2003,0.0026
Nevada,2004,0.0027
Nevada,2005,0.00295
Nevada,2006,0.00315
Nevada,2007,0.00321
Nevada,2008,0.00328
Nevada,2009,0.00347
Nevada,2010,0.0042
Nevada,2011,0.00426
Nevada,2012,0.00432
Nevada,2013,0.00339
Nevada,2014,0.00374
Nevada,2015,0.00381
Nevada,2016,0.00407
Nevada,2017,0.00376
Nevada,2018,0.00337
Nevada,2019,0.00341
Nevada,2020,0.00316
New Hampshire,1998,0.00257
New Hampshire,1999,0.00231
New Hampshire,2000,0.00263
New Hampshire,2001,0.0024
New Hampshire,2002,0.00242
New Hampshire,2003,0.00256
New Hampshire,2004,0.00247
New Hampshire,2005,0.00238
New Hampshire,2006,0.00232
New Hampshire,2007,0.00261
New Hampshire,2008,0.0026
New Hampshire,2009,0.00274
New Hampshire,2010,0.00258
New Hampshire,2011,0.00268
New Hampshire,2012,0.00284
New Hampshire,2013,0.00267
New Hampshire,2014,0.0025
New Hampshire,2015,0.00243
New Hampshire,2016,0.00236
New Hampshire,2017,0.00239
New Hampshire,2018,0.00224
New Hampshire,2019,0.00278
New Hampshire,2020,0.0031
New Jersey,1998,0.00202
New Jersey,1999,0.00228
New Jersey,2000,0.00235
New Jersey,2001,0.00228
New Jersey,2002,0.00223
New Jersey,2003,0.00251
New Jersey,2004,0.00248
New Jersey,2005,0.00263
New Jersey,2006,0.00252
New Jersey,2007,0.00266
New Jersey,2008,0.00265
New Jersey,2009,0.00291
New Jersey,2010,0.00283
New Jersey,2011,0.00282
New Jersey,2012,0.00239
New Jersey,2013,0.0022
New Jersey,2014,0.0024
New Jersey,2015,0.00323
New Jersey,2016,0.00336
New Jersey,2017,0.00323
New Jersey,2018,0.00285
New Jersey,2019,0.00313
New Jersey,2020,0.00359
New Mexico,1998,0.00556
New Mexico,1999,0.00562
New Mexico,2000,0.00528
New Mexico,2001,0.00406
New Mexico,2002,0.00368
New Mexico,2003,0.00409
New Mexico,2004,0.00465
New Mexico,2005,0.00506
New Mexico,2006,0.00431
New Mexico,2007,0.00352
New Mexico,2008,0.00393
New Mexico,2009,0.00358
New Mexico,2010,0.00391
New Mexico,2011,0.00277
New Mexico,2012,0.00365
New Mexico,2013,0.00371
New Mexico,2014,0.00395
New Mexico,2015,0.00316
New Mexico,2016,0.0035
New Mexico,2017,0.00384
New Mexico,2018,0.00421
New Mexico,2019,0.00404
New Mexico,2020,0.00507
New York,1998,0.00273
New York,1999,0.00275
New York,2000,0.003
New York,2001,0.00284
New York,2002,0.00295
New York,2003,0.00267
New York,2004,0.00273
New York,2005,0.00258
New York,2006,0.00288
New York,2007,0.00317
New York,2008,0.00356
New York,2009,0.00357
New York,2010,0.00364
New York,2011,0.00359
New York,2012,0.00359
New York,2013,0.00335
New York,2014,0.00327
New York,2015,0.00351
New York,2016,0.00362
New York,2017,0.00333
New York,2018,0.00319
New York,2019,0.003
New York,2020,0.00393
North Carolina,1998,0.00291
North Carolina,1999,0.00278
North Carolina,2000,0.00297
North Carolina,2001,0.00287
North Carolina,2002,0.00312
North Carolina,2003,0.00309
North Carolina,2004,0.00302
North Carolina,2005,0.00246
North Carolina,2006,0.00227
North Carolina,2007,0.00249
North Carolina,2008,0.00265
North Carolina,2009,0.00271
North Carolina,2010,0.00286
North Carolina,2011,0.00293
North Carolina,2012,0.00297
North Carolina,2013,0.00285
North Carolina,2014,0.00309
North Carolina,2015,0.00333
North Carolina,2016,0.00342
North Carolina,2017,0.00284
North Carolina,2018,0.00266
North Carolina,2019,0.00254
North Carolina,2020,0.0031
North Dakota,1998,0.00465
North Dakota,1999,0.00407
North Dakota,2000,0.00378
North Dakota,2001,0.00334
North Dakota,2002,0.00299
North Dakota,2003,0.00284
North Dakota,2004,0.003
North Dakota,2005,0.00314
North Dakota,2006,0.00268
North Dakota,2007,0.0028
North Dakota,2008,0.00268
North Dakota,2009,0.00282
North Dakota,2010,0.00295
North Dakota,2011,0.00298
North Dakota,2012,0.00314
North Dakota,2013,0.00279
North Dakota,2014,0.0027
North Dakota,2015,0.00285
North Dakota,2016,0.00314
North Dakota,2017,0.00388
North Dakota,2018,0.00358
North Dakota,2019,0.00383
North Dakota,2020,0.00317
Ohio,1998,0.0026
Ohio,1999,0.00267
Ohio,2000,0.00236
Ohio,2001,0.00224
Ohio,2002,0.00191
Ohio,2003,0.00208
Ohio,2004,0.00226
Ohio,2005,0.00246
Ohio,2006,0.00244
Ohio,2007,0.00221
Ohio,2008,0.00198
Ohio,2009,0.00216
Ohio,2010,0.00252
Ohio,2011,0.0028
Ohio,2012,0.00254
Ohio,2013,0.00221
Ohio,2014,0.00211
Ohio,2015,0.00238
Ohio,2016,0.00235
Ohio,2017,0.00219
Ohio,2018,0.00195
Ohio,2019,0.00199
Ohio,2020,0.00251
Oklahoma,1998,0.0038
Oklahoma,1999,0.00331
Oklahoma,2000,0.00304
Oklahoma,2001,0.00268
Oklahoma,2002,0.00275
Oklahoma,2003,0.00319
Oklahoma,2004,0.00366
Oklahoma,2005,0.0041
Oklahoma,2006,0.00428
Oklahoma,2007,0.00406
Oklahoma,2008,0.00348
Oklahoma,2009,0.00373
Oklahoma,2010,0.0035
Oklahoma,2011,0.00332
Oklahoma,2012,0.00278
Oklahoma,2013,0.00274
Oklahoma,2014,0.00357
Oklahoma,2015,0.00401
Oklahoma,2016,0.00452
Oklahoma,2017,0.00413
Oklahoma,2018,0.00386
Oklahoma,2019,0.00393
Oklahoma,2020,0.00437
Oregon,1998,0.00429
Oregon,1999,0.00422
Oregon,2000,0.00434
Oregon,2001,0.0039
Oregon,2002,0.0034
Oregon,2003,0.00335
Oregon,2004,0.00327
Oregon,2005,0.00353
Oregon,2006,0.00346
Oregon,2007,0.00352
Oregon,2008,0.00365
Oregon,2009,0.0037
Oregon,2010,0.00358
Oregon,2011,0.00319
Oregon,2012,0.00266
Oregon,2013,0.00227
Oregon,2014,0.00273
Oregon,2015,0.00311
Oregon,2016,0.00337
Oregon,2017,0.0032
Oregon,2018,0.0027
Oregon,2019,0.00256
Oregon,2020,0.00294
Pennsylvania,1998,0.00167
Pennsylvania,1999,0.00153
Pennsylvania,2000,0.00151
Pennsylvania,2001,0.00167
Pennsylvania,2002,0.00161
Pennsylvania,2003,0.0018
Pennsylvania,2004,0.00174
Pennsylvania,2005,0.00189
Pennsylvania,2006,0.00179
Pennsylvania,2007,0.0017
Pennsylvania,2008,0.00157
Pennsylvania,2009,0.00159
Pennsylvania,2010,0.00171
Pennsylvania,2011,0.00181
Pennsylvania,2012,0.00181
Pennsylvania,2013,0.00187
Pennsylvania,2014,0.00197
Pennsylvania,2015,0.00177
Pennsylvania,2016,0.00169
Pennsylvania,2017,0.00177
Pennsylvania,2018,0.0019
Pennsylvania,2019,0.00204
Pennsylvania,2020,0.00183
Rhode Island,1998,0.00181
Rhode Island,1999,0.0016
Rhode Island,2000,0.00154
Rhode Island,2001,0.00135
Rhode Island,2002,0.00133
Rhode Island,2003,0.0016
Rhode Island,2004,0.00216
Rhode Island,2005,0.00247
Rhode Island,2006,0.0028
Rhode Island,2007,0.00241
Rhode Island,2008,0.00249
Rhode Island,2009,0.00228
Rhode Island,2010,0.00248
Rhode Island,2011,0.00239
Rhode Island,2012,0.00226
Rhode Island,2013,0.00186
Rhode Island,2014,0.00196
Rhode Island,2015,0.00226
Rhode Island,2016,0.00211
Rhode Island,2017,0.00176
Rhode Island,2018,0.00123
Rhode Island,2019,0.00171
Rhode Island,2020,0.00156
South Carolina,1998,0.0031
South Carolina,1999,0.00265
South Carolina,2000,0.00247
South Carolina,2001,0.0019
South Carolina,2002,0.00202
South Carolina,2003,0.00222
South Carolina,2004,0.00251
South Carolina,2005,0.00243
South Carolina,2006,0.00228
South Carolina,2007,0.0023
South Carolina,2008,0.00235
South Carolina,2009,0.00238
South Carolina,2010,0.00236
South Carolina,2011,0.00249
South Carolina,2012,0.00292
South Carolina,2013,0.00301
South Carolina,2014,0.00324
South Carolina,2015,0.00294
South Carolina,2016,0.00287
South Carolina,2017,0.00254
South Carolina,2018,0.00259
South Carolina,2019,0.00259
South Carolina,2020,0.00258
South Dakota,1998,0.00424
South Dakota,1999,0.00432
South Dakota,2000,0.00392
South Dakota,2001,0.00347
South Dakota,2002,0.00365
South Dakota,2003,0.00338
South Dakota,2004,0.00327
South Dakota,2005,0.00312
South Dakota,2006,0.00346
South Dakota,2007,0.00337
South Dakota,2008,0.00325
South Dakota,2009,0.00336
South Dakota,2010,0.00302
South Dakota,2011,0.00313
South Dakota,2012,0.00262
South Dakota,2013,0.00334
South Dakota,2014,0.0034
South Dakota,2015,0.00354
South Dakota,2016,0.00313
South Dakota,2017,0.00278
South Dakota,2018,0.00322
South Dakota,2019,0.00285
South Dakota,2020,0.00285
Tennessee,1998,0.00334
Tennessee,1999,0.00245
Tennessee,2000,0.00237
Tennessee,2001,0.00204
Tennessee,2002,0.00216
Tennessee,2003,0.00225
Tennessee,2004,0.0027
Tennessee,2005,0.00255
Tennessee,2006,0.00256
Tennessee,2007,0.00306
Tennessee,2008,0.00345
Tennessee,2009,0.00377
Tennessee,2010,0.00372
Tennessee,2011,0.00356
Tennessee,2012,0.00315
Tennessee,2013,0.00278
Tennessee,2014,0.00236
Tennessee,2015,0.00245
Tennessee,2016,0.00229
Tennessee,2017,0.00258
Tennessee,2018,0.00267
Tennessee,2019,0.00288
Tennessee,2020,0.00345
Texas,1998,0.00305
Texas,1999,0.00278
Texas,2000,0.0029
Texas,2001,0.00327
Texas,2002,0.00355
Texas,2003,0.0039
Texas,2004,0.00393
Texas,2005,0.00382
Texas,2006,0.00346
Texas,2007,0.00317
Texas,2008,0.00326
Texas,2009,0.00364
Texas,2010,0.00401
Texas,2011,0.00431
Texas,2012,0.004
Texas,2013,0.00374
Texas,2014,0.00364
Texas,2015,0.00385
Texas,2016,0.00403
Texas,2017,0.00424
Texas,2018,0.00427
Texas,2019,0.00407
Texas,2020,0.00383
Utah,1998,0.00323
Utah,1999,0.00303
Utah,2000,0.00324
Utah,2001,0.00295
Utah,2002,0.00307
Utah,2003,0.00284
Utah,2004,0.00299
Utah,2005,0.00329
Utah,2006,0.00331
Utah,2007,0.00351
Utah,2008,0.00325
Utah,2009,0.00347
Utah,2010,0.00346
Utah,2011,0.00338
Utah,2012,0.00325
Utah,2013,0.00311
Utah,2014,0.00301
Utah,2015,0.00275
Utah,2016,0.00282
Utah,2017,0.00296
Utah,2018,0.00288
Utah,2019,0.00245
Utah,2020,0.00236
Vermont,1998,0.00391
Vermont,1999,0.00409
Vermont,2000,0.00375
Vermont,2001,0.00355
Vermont,2002,0.00326
Vermont,2003,0.00302
Vermont,2004,0.00343
Vermont,2005,0.00418
Vermont,2006,0.00454
Vermont,2007,0.00446
Vermont,2008,0.00372
Vermont,2009,0.00356
Vermont,2010,0.00372
Vermont,2011,0.00403
Vermont,2012,0.00453
Vermont,2013,0.0039
Vermont,2014,0.00396
Vermont,2015,0.00359
Vermont,2016,0.00396
Vermont,2017,0.00384
Vermont,2018,0.00356
Vermont,2019,0.00344
Vermont,2020,0.00405
Virginia,1998,0.00265
Virginia,1999,0.00236
Virginia,2000,0.00183
Virginia,2001,0.00186
Virginia,2002,0.00205
Virginia,2003,0.00245
Virginia,2004,0.00254
Virginia,2005,0.00252
Virginia,2006,0.00263
Virginia,2007,0.00248
Virginia,2008,0.00241
Virginia,2009,0.0023
Virginia,2010,0.00237
Virginia,2011,0.00237
Virginia,2012,0.00215
Virginia,2013,0.00214
Virginia,2014,0.00224
Virginia,2015,0.00239
Virginia,2016,0.00212
Virginia,2017,0.00214
Virginia,2018,0.00181
Virginia,2019,0.00202
Virginia,2020,0.00234
Washington,1998,0.00281
Washington,1999,0.00295
Washington,2000,0.0026
Washington,2001,0.00303
Washington,2002,0.00267
Washington,2003,0.00296
Washington,2004,0.00325
Washington,2005,0.00336
Washington,2006,0.00312
Washington,2007,0.0024
Washington,2008,0.00254
Washington,2009,0.00246
Washington,2010,0.0025
Washington,2011,0.00237
Washington,2012,0.00258
Washington,2013,0.00234
Washington,2014,0.0024
Washington,2015,0.00238
Washington,2016,0.00269
Washington,2017,0.00315
Washington,2018,0.00298
Washington,2019,0.00321
Washington,2020,0.00268
West Virginia,1998,0.00185
West Virginia,1999,0.0018
West Virginia,2000,0.00213
West Virginia,2001,0.00166
West Virginia,2002,0.00154
West Virginia,2003,0.00171
West Virginia,2004,0.00199
West Virginia,2005,0.00205
West Virginia,2006,0.00195
West Virginia,2007,0.00156
West Virginia,2008,0.00151
West Virginia,2009,0.00187
West Virginia,2010,0.0022
West Virginia,2011,0.00221
West Virginia,2012,0.00176
West Virginia,2013,0.00212
West Virginia,2014,0.00198
West Virginia,2015,0.0021
West Virginia,2016,0.0021
West Virginia,2017,0.00251
West Virginia,2018,0.00209
West Virginia,2019,0.00179
West Virginia,2020,0.00164
Wisconsin,1998,0.0023
Wisconsin,1999,0.00213
Wisconsin,2000,0.00277
Wisconsin,2001,0.00277
Wisconsin,2002,0.0032
Wisconsin,2003,0.00272
Wisconsin,2004,0.0028
Wisconsin,2005,0.00296
Wisconsin,2006,0.00299
Wisconsin,2007,0.00295
Wisconsin,2008,0.00241
Wisconsin,2009,0.00252
Wisconsin,2010,0.00217
Wisconsin,2011,0.00237
Wisconsin,2012,0.00198
Wisconsin,2013,0.00195
Wisconsin,2014,0.00166
Wisconsin,2015,0.00191
Wisconsin,2016,0.00209
Wisconsin,2017,0.00258
Wisconsin,2018,0.00245
Wisconsin,2019,0.00225
Wisconsin,2020,0.00215
Wyoming,1998,0.00368
Wyoming,1999,0.00424
Wyoming,2000,0.00459
Wyoming,2001,0.00423
Wyoming,2002,0.00354
Wyoming,2003,0.0034
Wyoming,2004,0.00378
Wyoming,2005,0.0043
Wyoming,2006,0.00398
Wyoming,2007,0.00396
Wyoming,2008,0.00338
Wyoming,2009,0.00345
Wyoming,2010,0.00276
Wyoming,2011,0.00254
Wyoming,2012,0.00224
Wyoming,2013,0.00275
Wyoming,2014,0.00317
Wyoming,2015,0.00386
Wyoming,2016,0.00453
Wyoming,2017,0.00471
Wyoming,2018,0.00445
Wyoming,2019,0.00393
Wyoming,2020,0.00405
United States,1998,0.002865471
United States,1999,0.002689452
United States,2000,0.002713487
United States,2001,0.00267818
United States,2002,0.002780781
United States,2003,0.003017641
United States,2004,0.003011646
United States,2005,0.002844364
United States,2006,0.002979827
United States,2007,0.002999092
United States,2008,0.003184845
United States,2009,0.003358031
United States,2010,0.003362002
United States,2011,0.003198963
United States,2012,0.00301068
United States,2013,0.002767422
United States,2014,0.003089607
United States,2015,0.003337513
United States,2016,0.003068726
United States,2017,0.003310751
United States,2018,0.003205187
United States,2019,0.003063321
United States,2020,0.00384684
United States,1998,0.002564274
United States,1999,0.002560517
United States,2000,0.002239696
United States,2001,0.002259293
United States,2002,0.002372059
United States,2003,0.002347856
United States,2004,0.002501643
United States,2005,0.002663461
United States,2006,0.002369466
United States,2007,0.002395592
United States,2008,0.002634954
United States,2009,0.002436174
United States,2010,0.00255057
United States,2011,0.002734169
United States,2012,0.002295868
United States,2013,0.001824836
United States,2014,0.002208512
United States,2015,0.002406699
United States,2016,0.002163318
United States,2017,0.002441344
United States,2018,0.002304979
United States,2019,0.002398919
United States,2020,0.002848514
United States,1998,0.003054232
United States,1999,0.002721677
United States,2000,0.0027482
United States,2001,0.002702485
United States,2002,0.002886045
United States,2003,0.003551378
United States,2004,0.003111824
United States,2005,0.002991753
United States,2006,0.002999628
United States,2007,0.003330009
United States,2008,0.003390268
United States,2009,0.003962337
United States,2010,0.003988054
United States,2011,0.003275698
United States,2012,0.003405264
United States,2013,0.003116507
United States,2014,0.003342699
United States,2015,0.004046896
United States,2016,0.003507601
United States,2017,0.003538529
United States,2018,0.00361444
United States,2019,0.003271294
United States,2020,0.004098328
United States,1998,0.002842784
United States,1999,0.002757472
United States,2000,0.002992332
United States,2001,0.002967448
United States,2002,0.003108807
United States,2003,0.003119165
United States,2004,0.003145572
United States,2005,0.00261463
United States,2006,0.003495797
United States,2007,0.003453813
United States,2008,0.003456684
United States,2009,0.003608124
United States,2010,0.003526562
United States,2011,0.003739091
United States,2012,0.003373103
United States,2013,0.003587395
United States,2014,0.003619658
United States,2015,0.00374613
United States,2016,0.003613486
United States,2017,0.00391651
United States,2018,0.003769306
United States,2019,0.003591083
United States,2020,0.004939332
United States,1998,0.003304405
United States,1999,0.002840889
United States,2000,0.003352259
United States,2001,0.003160862
United States,2002,0.003010928
United States,2003,0.003470211
United States,2004,0.003723378
United States,2005,0.003309402
United States,2006,0.003424039
United States,2007,0.003100098
United States,2008,0.003576623
United States,2009,0.003963272
United States,2010,0.003872515
United States,2011,0.003276546
United States,2012,0.003374837
United States,2013,0.003050345
United States,2014,0.003697391
United States,2015,0.003707928
United States,2016,0.003518526
United States,2017,0.003846458
United States,2018,0.003666832
United States,2019,0.003392993
United States,2020,0.004130007
United States,1998,0.003285843
United States,1999,0.002934469
United States,2000,0.003454566
United States,2001,0.003100179
United States,2002,0.003456911
United States,2003,0.004376595
United States,2004,0.003922242
United States,2005,0.003532775
United States,2006,0.003776422
United States,2007,0.004247363
United States,2008,0.004596409
United States,2009,0.004930437
United States,2010,0.00594172
United States,2011,0.005664986
United States,2012,0.005217868
United States,2013,0.004811745
United States,2014,0.004829775
United States,2015,0.004953207
United States,2016,0.005640579
United States,2017,0.006060362
United States,2018,0.005964964
United States,2019,0.004414475
United States,2020,0.005876459
United States,1998,0.002994474
United States,1999,0.002863308
United States,2000,0.002907056
United States,2001,0.002573752
United States,2002,0.002855025
United States,2003,0.003105569
United States,2004,0.002870319
United States,2005,0.00278252
United States,2006,0.00291954
United States,2007,0.003039462
United States,2008,0.003484468
United States,2009,0.003770633
United States,2010,0.003360018
United States,2011,0.003337694
United States,2012,0.003384398
United States,2013,0.002790141
United States,2014,0.003418241
United States,2015,0.003466364
United States,2016,0.003170067
United States,2017,0.003694698
United States,2018,0.003742652
United States,2019,0.003443358
United States,2020,0.004241485
United States,1998,0.003000634
United States,1999,0.002870359
United States,2000,0.00279188
United States,2001,0.002678237
United States,2002,0.002678262
United States,2003,0.003157983
United States,2004,0.002971924
United States,2005,0.003096463
United States,2006,0.003272463
United States,2007,0.002825074
United States,2008,0.002984131
United States,2009,0.002972722
United States,2010,0.003096467
United States,2011,0.003078336
United States,2012,0.002825917
United States,2013,0.002739423
United States,2014,0.002651438
United States,2015,0.003336585
United States,2016,0.003120736
United States,2017,0.003149201
United States,2018,0.002911199
United States,2019,0.002871918
United States,2020,0.004253534
United States,1998,0.002930985
United States,1999,0.002581602
United States,2000,0.002562262
United States,2001,0.003123947
United States,2002,0.003085761
United States,2003,0.002938459
United States,2004,0.003291192
United States,2005,0.002858014
United States,2006,0.002989368
United States,2007,0.003250483
United States,2008,0.003017785
United States,2009,0.0033984
United States,2010,0.003322236
United States,2011,0.002924151
United States,2012,0.002808026
United States,2013,0.002756292
United States,2014,0.003203552
United States,2015,0.003331158
United States,2016,0.002787247
United States,2017,0.003013909
United States,2018,0.002850687
United States,2019,0.003049065
United States,2020,0.003550651
United States,1998,0.002826491
United States,1999,0.002610923
United States,2000,0.002635001
United States,2001,0.002607138
United States,2002,0.002648324
United States,2003,0.002887132
United States,2004,0.002816941
United States,2005,0.002758379
United States,2006,0.002820913
United States,2007,0.002689242
United States,2008,0.002799286
United States,2009,0.00302236
United States,2010,0.002825871
United States,2011,0.002749247
United States,2012,0.002630015
United States,2013,0.002461925
United States,2014,0.002654461
United States,2015,0.002923337
United States,2016,0.002623144
United States,2017,0.002835851
United States,2018,0.002745725
United States,2019,0.00277907
United States,2020,0.003411506
United States,1998,0.003138583
United States,1999,0.003232739
United States,2000,0.003222197
United States,2001,0.003124386
United States,2002,0.003606266
United States,2003,0.003757913
United States,2004,0.004104212
United States,2005,0.003322632
United States,2006,0.00384208
United States,2007,0.004632767
United States,2008,0.005213087
United States,2009,0.005139601
United States,2010,0.006154036
United States,2011,0.005524663
United States,2012,0.004924068
United States,2013,0.004292076
United States,2014,0.005240382
United States,2015,0.005330513
United States,2016,0.005165715
United States,2017,0.005550375
United States,2018,0.005298452
United States,2019,0.004380216
United States,2020,0.005904163
United States,1998,0.003076927
United States,1999,0.002775099
United States,2000,0.002780268
United States,2001,0.002726791
United States,2002,0.002827782
United States,2003,0.002950827
United States,2004,0.00311087
United States,2005,0.002895536
United States,2006,0.002950207
United States,2007,0.002953042
United States,2008,0.003059967
United States,2009,0.003250819
United States,2010,0.003058376
United States,2011,0.002935824
United States,2012,0.002928806
United States,2013,0.002664785
United States,2014,0.002896923
United States,2015,0.003247674
United States,2016,0.002756101
United States,2017,0.002968326
United States,2018,0.00286252
United States,2019,0.002932529
United States,2020,0.003553505
United States,1998,0.001830815
United States,1999,0.002062255
United States,2000,0.002320482
United States,2001,0.002128528
United States,2002,0.00236529
United States,2003,0.002290348
United States,2004,0.002156643
United States,2005,0.002344395
United States,2006,0.002379901
United States,2007,0.002197112
United States,2008,0.002187514
United States,2009,0.00265359
United States,2010,0.002359321
United States,2011,0.002329175
United States,2012,0.002078817
United States,2013,0.001905668
United States,2014,0.002210548
United States,2015,0.002299714
United States,2016,0.002195079
United States,2017,0.003027696
United States,2018,0.002411711
United States,2019,0.002368522
United States,2020,0.003825576
United States,1998,0.002652032
United States,1999,0.003101211
United States,2000,0.002882029
United States,2001,0.002859738
United States,2002,0.002961097
United States,2003,0.003972709
United States,2004,0.003357544
United States,2005,0.003072571
United States,2006,0.003421935
United States,2007,0.004019008
United States,2008,0.004591212
United States,2009,0.004570197
United States,2010,0.005612589
United States,2011,0.005152934
United States,2012,0.004041357
United States,2013,0.003841994
United States,2014,0.004599595
United States,2015,0.004597224
United States,2016,0.004794259
United States,2017,0.005007906
United States,2018,0.005061177
United States,2019,0.004369846
United States,2020,0.005214711
United States,1998,0.002549795
United States,1999,0.002398319
United States,2000,0.00222562
United States,2001,0.002959813
United States,2002,0.002561671
United States,2003,0.002927321
United States,2004,0.002821686
United States,2005,0.002566365
United States,2006,0.003138883
United States,2007,0.003273887
United States,2008,0.003354144
United States,2009,0.003092382
United States,2010,0.003745118
United States,2011,0.003163032
United States,2012,0.003130955
United States,2013,0.002785103
United States,2014,0.003338784
United States,2015,0.002874938
United States,2016,0.00343932
United States,2017,0.003146302
United States,2018,0.003315472
United States,2019,0.003016658
United States,2020,0.003546341
United States,1998,0.003249414
United States,1999,0.00319171
United States,2000,0.003405046
United States,2001,0.003133253
United States,2002,0.003453962
United States,2003,0.003838904
United States,2004,0.003726046
United States,2005,0.00345222
United States,2006,0.003616887
United States,2007,0.004027049
United States,2008,0.00418157
United States,2009,0.004334438
United States,2010,0.00438569
United States,2011,0.004161286
United States,2012,0.003792725
United States,2013,0.00341172
United States,2014,0.004090886
United States,2015,0.004159423
United States,2016,0.003891328
United States,2017,0.004005929
United States,2018,0.004059567
United States,2019,0.003843819
United States,2020,0.004757244
United States,1998,0.002521937
United States,1999,0.002242333
United States,2000,0.002097258
United States,2001,0.002270727
United States,2002,0.002178819
United States,2003,0.002280484
United States,2004,0.002367234
United States,2005,0.002295498
United States,2006,0.002402493
United States,2007,0.002070706
United States,2008,0.002279031
United States,2009,0.002469506
United States,2010,0.002427808
United States,2011,0.002315107
United States,2012,0.002299333
United States,2013,0.002181222
United States,2014,0.002175852
United States,2015,0.002587968
United States,2016,0.002317801
United States,2017,0.002674387
United States,2018,0.002417775
United States,2019,0.002343581
United States,2020,0.003003697
United States,1998,0.002657375
United States,1999,0.002995213
United States,2000,0.003199875
United States,2001,0.003622243
United States,2002,0.003225846
United States,2003,0.003692755
United States,2004,0.003095195
United States,2005,0.003271764
United States,2006,0.003544288
United States,2007,0.003512003
United States,2008,0.003533754
United States,2009,0.003001899
United States,2010,0.002710115
United States,2011,0.002982987
United States,2012,0.002819901
United States,2013,0.002304653
United States,2014,0.003114742
United States,2015,0.002606443
United States,2016,0.002509108
United States,2017,0.002149836
United States,2018,0.002562169
United States,2019,0.001914715
United States,2020,0.003199104
United States,1998,0.002893016
United States,1999,0.002648643
United States,2000,0.002648786
United States,2001,0.002569451
United States,2002,0.002727585
United States,2003,0.002960661
United States,2004,0.00299137
United States,2005,0.002805891
United States,2006,0.002932578
United States,2007,0.002958031
United States,2008,0.003157694
United States,2009,0.003384537
United States,2010,0.003408372
United States,2011,0.00321393
United States,2012,0.003023041
United States,2013,0.002795763
United States,2014,0.00308814
United States,2015,0.003377915
United States,2016,0.003098734
United States,2017,0.00337157
United States,2018,0.003238358
United States,2019,0.003121265
United States,2020,0.003878592
